{"cameraMode":{"drawMode":0,"name":"Shaded","section":"Shading Mode"},"sceneLighting":false,"audioPlay":false,"sceneViewState":{"m_AlwaysRefresh":false,"showFog":true,"showSkybox":false,"showFlares":true,"showImageEffects":true,"showParticleSystems":true,"showVisualEffectGraphs":true,"m_FxEnabled":true},"in2DMode":false,"pivot":{"x":1.8667659759521485,"y":9.270282745361329,"z":28.550987243652345},"rotation":{"x":0.02225651405751705,"y":0.7260584831237793,"z":-0.022707289084792138,"w":0.686586320400238},"size":11.993650436401368,"orthographic":false}