{"cameraMode":{"drawMode":0,"name":"Shaded","section":"Shading Mode"},"sceneLighting":false,"audioPlay":false,"sceneViewState":{"m_AlwaysRefresh":false,"showFog":true,"showSkybox":false,"showFlares":true,"showImageEffects":true,"showParticleSystems":true,"showVisualEffectGraphs":true,"m_FxEnabled":true},"in2DMode":false,"pivot":{"x":0.0571216344833374,"y":4.945502281188965,"z":0.5924224853515625},"rotation":{"x":0.33517158031463625,"y":0.04848453029990196,"z":-0.016687704250216485,"w":0.9405321478843689},"size":12.395974159240723,"orthographic":false}