{"cameraMode":{"drawMode":0,"name":"Shaded","section":"Shading Mode"},"sceneLighting":true,"audioPlay":false,"sceneViewState":{"m_AlwaysRefresh":false,"showFog":true,"showSkybox":true,"showFlares":true,"showImageEffects":true,"showParticleSystems":true,"showVisualEffectGraphs":true,"m_FxEnabled":true},"in2DMode":false,"pivot":{"x":150.1810760498047,"y":7.823181629180908,"z":48.979705810546878},"rotation":{"x":-0.3425869643688202,"y":-0.007808234542608261,"z":0.002890191972255707,"w":-0.9390749931335449},"size":35.768951416015628,"orthographic":false}