{"cameraMode":{"drawMode":0,"name":"Shaded","section":"Shading Mode"},"sceneLighting":false,"audioPlay":false,"sceneViewState":{"m_AlwaysRefresh":false,"showFog":true,"showSkybox":false,"showFlares":true,"showImageEffects":true,"showParticleSystems":true,"showVisualEffectGraphs":true,"m_FxEnabled":true},"in2DMode":false,"pivot":{"x":30.168521881103517,"y":21.37446403503418,"z":1.7847808599472047},"rotation":{"x":-0.19727486371994019,"y":0.7102803587913513,"z":-0.22033973038196565,"w":-0.6384392380714417},"size":2.0886058807373049,"orthographic":false}