{"cameraMode":{"drawMode":0,"name":"Shaded","section":"Shading Mode"},"sceneLighting":false,"audioPlay":false,"sceneViewState":{"m_AlwaysRefresh":false,"showFog":true,"showSkybox":false,"showFlares":true,"showImageEffects":true,"showParticleSystems":true,"showVisualEffectGraphs":true,"m_FxEnabled":true},"in2DMode":false,"pivot":{"x":0.26131439208984377,"y":1.582550048828125,"z":-4.682168960571289},"rotation":{"x":0.38758885860443118,"y":0.10505133867263794,"z":-0.04440878704190254,"w":0.9146509170532227},"size":10.99186897277832,"orthographic":false}