{"cameraMode":{"drawMode":0,"name":"Shaded","section":"Shading Mode"},"sceneLighting":false,"audioPlay":false,"sceneViewState":{"m_AlwaysRefresh":false,"showFog":true,"showSkybox":false,"showFlares":true,"showImageEffects":true,"showParticleSystems":true,"showVisualEffectGraphs":true,"m_FxEnabled":true},"in2DMode":false,"pivot":{"x":-0.36046457290649416,"y":8.170589447021485,"z":-0.1718463897705078},"rotation":{"x":-0.2957868278026581,"y":-0.009459543973207474,"z":0.00294304545968771,"w":-0.9551581740379334},"size":17.92181396484375,"orthographic":false}