{"cameraMode":{"drawMode":0,"name":"Shaded","section":"Shading Mode"},"sceneLighting":false,"audioPlay":false,"sceneViewState":{"m_AlwaysRefresh":false,"showFog":true,"showSkybox":false,"showFlares":true,"showImageEffects":true,"showParticleSystems":true,"showVisualEffectGraphs":true,"m_FxEnabled":true},"in2DMode":false,"pivot":{"x":0.000431060791015625,"y":-0.3124999403953552,"z":0.00096893310546875},"rotation":{"x":0.2684227228164673,"y":0.014759195037186146,"z":-0.004074371885508299,"w":0.9631063342094421},"size":10.518534660339356,"orthographic":false}