{"cameraMode":{"drawMode":0,"name":"Shaded","section":"Shading Mode"},"sceneLighting":false,"audioPlay":false,"sceneViewState":{"m_AlwaysRefresh":false,"showFog":true,"showSkybox":false,"showFlares":true,"showImageEffects":true,"showParticleSystems":true,"showVisualEffectGraphs":true,"m_FxEnabled":true},"in2DMode":false,"pivot":{"x":241.05007934570313,"y":175.8438262939453,"z":33.569549560546878},"rotation":{"x":-0.20995105803012849,"y":-0.04759526625275612,"z":0.009552020579576493,"w":-0.9762361645698547},"size":227.23611450195313,"orthographic":false}